time,pontos,jogos,gasto_transferencias,pontos_por_milhao,milhoes_por_ponto,transf_parcial
Corinthians,32,28,4.9,6.53,0.15,nao
Chapecoense,18,27,4.2,4.29,0.23,nao
Coritiba,38,28,15.0,2.53,0.39,sim
Remo,23,28,10.29,2.23,0.45,sim
Mirassol,32,28,15.99,2.0,0.5,nao
Vitória,33,28,26.23,1.26,0.79,nao
Athletico-PR,49,28,59.42,0.82,1.21,nao
São Paulo,36,27,47.32,0.76,1.31,nao
Internacional,28,28,39.64,0.71,1.42,nao
Bahia,46,28,84.64,0.54,1.84,nao
Botafogo,35,28,73.25,0.48,2.09,nao
Santos,38,27,93.51,0.41,2.46,sim
Bragantino,36,27,109.86,0.33,3.05,nao
Fluminense,48,28,151.28,0.32,3.15,sim
Palmeiras,57,28,212.16,0.27,3.72,nao
Grêmio,29,28,112.74,0.26,3.89,nao
Atlético-MG,40,27,165.78,0.24,4.14,nao
Cruzeiro,45,28,284.44,0.16,6.32,nao
Flamengo,60,28,407.42,0.15,6.79,nao
Vasco,31,27,228.56,0.14,7.37,nao
