time,patrocinador_bet,patrocinio_bet_anual,patrocinio_ate_agora,pontos,patrocinio_por_ponto
Corinthians,Esportes da Sorte,150.0,112.5,32,3.52
Flamengo,Betano,268.5,201.38,60,3.36
São Paulo,Superbet,95.0,71.25,36,1.98
Palmeiras,Sportingbet,100.0,75.0,57,1.32
Botafogo,VBet,55.0,41.25,35,1.18
Atlético-MG,H2Bet,60.0,45.0,40,1.12
Fluminense,Superbet,52.0,39.0,48,0.81
Cruzeiro,Betnacional,42.0,31.5,45,0.7
Santos,Novibet,35.0,26.25,38,0.69
Chapecoense,Zeroum Bet,15.0,11.25,18,0.62
Vasco,Sportingbet,25.0,18.75,31,0.6
Vitória,7K,20.0,15.0,33,0.45
Remo,Vaidebet,12.0,9.0,23,0.39
