time,pontos,jogos,gasto_janela1,gasto_janela2,transf_parcial,folha_mensal,folha_min,folha_max,metodo_folha,patrocinador_bet,patrocinio_bet_anual,fonte_patrocinio,obs
Flamengo,60,28,341.444,65.98,nao,53.0,53.0,53.0,Balanço ÷ 13 (Lance!),Betano,268.5,Lance! 26/09/2026,
Palmeiras,57,28,192.132,20.028,nao,45.0,45.0,45.0,Balanço ÷ 13 (Lance!),Sportingbet,100.0,Lance! 26/09/2026,
Athletico-PR,49,28,23.292,36.124,nao,9.0,8.0,10.0,Estimativa de plataforma,sem bet,,Metrópoles 25/09/2026,
Fluminense,48,28,151.284,,sim,40.0,40.0,40.0,Balanço ÷ 13 (Lance!),Superbet,52.0,Lance! 26/09/2026,
Bahia,46,28,79.115,5.526,nao,26.0,25.0,27.0,Estimativa de plataforma,sem bet,,Metrópoles 25/09/2026,
Cruzeiro,45,28,174.141,110.296,nao,35.0,35.0,35.0,Apuração jornalística (Nicola),Betnacional,42.0,Lance! 26/09/2026,
Atlético-MG,40,27,133.285,32.5,nao,29.0,28.0,30.0,Balanço ÷ 13 (Lance!),H2Bet,60.0,Lance! 26/09/2026,
Santos,38,27,93.507,,sim,28.0,28.0,28.0,Balanço ÷ 13 (Lance!),Novibet,35.0,Lance! 26/09/2026,valor da folha cortado no print (28...)
Coritiba,38,28,15.0,,sim,8.5,8.0,9.0,Derivado de orçamento,sem bet,,Metrópoles 25/09/2026,orçamento do futebol 2026 de até R$ 170 mi (Terra)
Bragantino,36,27,74.21,35.654,nao,7.7,6.4,9.0,Julgamento do analista,sem bet,,Metrópoles 25/09/2026,Sports Value: custos do futebol 2025 de R$ 427.8 mi sugerem folha maior
São Paulo,36,27,29.926,17.399,nao,31.0,31.0,31.0,Balanço ÷ 13 (Lance!),Superbet,95.0,Lance! 26/09/2026,
Botafogo,35,28,24.273,48.976,nao,26.0,26.0,26.0,Balanço ÷ 13 (Lance!),VBet,55.0,Lance! 26/09/2026,
Vitória,33,28,19.357,6.871,nao,3.75,3.5,4.0,Estimativa de plataforma,7K,20.0,Lance! 26/09/2026,
Corinthians,32,28,4.898,0.0,nao,44.0,44.0,44.0,Balanço ÷ 13 (Lance!),Esportes da Sorte,150.0,Lance! 26/09/2026,
Mirassol,32,28,9.37,6.618,nao,5.5,5.0,6.0,Estimativa de plataforma,sem bet,,Metrópoles 25/09/2026,
Vasco,31,27,122.068,106.491,nao,16.5,15.0,18.0,Balanço ÷ 13 (Lance!),Sportingbet,25.0,Lance! 26/09/2026,
Grêmio,29,28,109.735,3.0,nao,13.5,12.0,15.0,Estimativa de plataforma,não identificado,,Lance! 26/09/2026,patrocinador bet sem valor informado
Internacional,28,28,37.835,1.808,nao,15.0,14.0,16.0,Estimativa de plataforma,sem bet,,Metrópoles 25/09/2026,
Remo,23,28,10.293,,sim,3.25,3.0,3.5,Estimativa de plataforma,Vaidebet,12.0,Lance! 26/09/2026,
Chapecoense,18,27,4.05,0.15,nao,2.25,2.25,2.25,Balancete oficial (1º tri),Zeroum Bet,15.0,Balancete 1º tri 2026 (R$ 3.75 mi x 4),janela 1 e folha do balancete; luvas de R$ 8 mi no 1º tri fora da folha
