time,pontos,folha_mensal,folha_min,folha_max,folha_ate_agora,folha_por_ponto,pontos_por_10mi_folha,metodo_folha
Vitória,33,3.75,3.5,4.0,33.75,1.02,9.78,Estimativa de plataforma
Chapecoense,18,2.25,2.25,2.25,20.25,1.12,8.89,Balancete oficial (1º tri)
Remo,23,3.25,3.0,3.5,29.25,1.27,7.86,Estimativa de plataforma
Mirassol,32,5.5,5.0,6.0,49.5,1.55,6.46,Estimativa de plataforma
Athletico-PR,49,9.0,8.0,10.0,81.0,1.65,6.05,Estimativa de plataforma
Bragantino,36,7.7,6.4,9.0,69.3,1.92,5.19,Julgamento do analista
Coritiba,38,8.5,8.0,9.0,76.5,2.01,4.97,Derivado de orçamento
Grêmio,29,13.5,12.0,15.0,121.5,4.19,2.39,Estimativa de plataforma
Vasco,31,16.5,15.0,18.0,148.5,4.79,2.09,Balanço ÷ 13 (Lance!)
Internacional,28,15.0,14.0,16.0,135.0,4.82,2.07,Estimativa de plataforma
Bahia,46,26.0,25.0,27.0,234.0,5.09,1.97,Estimativa de plataforma
Atlético-MG,40,29.0,28.0,30.0,261.0,6.52,1.53,Balanço ÷ 13 (Lance!)
Santos,38,28.0,28.0,28.0,252.0,6.63,1.51,Balanço ÷ 13 (Lance!)
Botafogo,35,26.0,26.0,26.0,234.0,6.69,1.5,Balanço ÷ 13 (Lance!)
Cruzeiro,45,35.0,35.0,35.0,315.0,7.0,1.43,Apuração jornalística (Nicola)
Palmeiras,57,45.0,45.0,45.0,405.0,7.11,1.41,Balanço ÷ 13 (Lance!)
Fluminense,48,40.0,40.0,40.0,360.0,7.5,1.33,Balanço ÷ 13 (Lance!)
São Paulo,36,31.0,31.0,31.0,279.0,7.75,1.29,Balanço ÷ 13 (Lance!)
Flamengo,60,53.0,53.0,53.0,477.0,7.95,1.26,Balanço ÷ 13 (Lance!)
Corinthians,32,44.0,44.0,44.0,396.0,12.38,0.81,Balanço ÷ 13 (Lance!)
