time,patrocinador_bet,patrocinio_bet_anual,folha_anual,gasto_transferencias,gasto_total_anual,cobertura_folha_%,cobertura_gasto_total_%,fonte_patrocinio
Chapecoense,Zeroum Bet,15.0,29.2,4.2,33.4,51.3,44.8,Balancete 1º tri 2026 (R$ 3.75 mi x 4)
Vitória,7K,20.0,48.8,26.2,75.0,41.0,26.7,Lance! 26/09/2026
Flamengo,Betano,268.5,689.0,407.4,1096.4,39.0,24.5,Lance! 26/09/2026
Remo,Vaidebet,12.0,42.2,10.3,52.5,28.4,22.8,Lance! 26/09/2026
Corinthians,Esportes da Sorte,150.0,572.0,4.9,576.9,26.2,26.0,Lance! 26/09/2026
São Paulo,Superbet,95.0,403.0,47.3,450.3,23.6,21.1,Lance! 26/09/2026
Palmeiras,Sportingbet,100.0,585.0,212.2,797.2,17.1,12.5,Lance! 26/09/2026
Botafogo,VBet,55.0,338.0,73.2,411.2,16.3,13.4,Lance! 26/09/2026
Atlético-MG,H2Bet,60.0,377.0,165.8,542.8,15.9,11.1,Lance! 26/09/2026
Vasco,Sportingbet,25.0,214.5,228.6,443.1,11.7,5.6,Lance! 26/09/2026
Fluminense,Superbet,52.0,520.0,151.3,671.3,10.0,7.7,Lance! 26/09/2026
Santos,Novibet,35.0,364.0,93.5,457.5,9.6,7.7,Lance! 26/09/2026
Cruzeiro,Betnacional,42.0,455.0,284.4,739.4,9.2,5.7,Lance! 26/09/2026
